{
  "posts": [
    {
      "id": 2,
      "firstName": "Jaya",
      "lastName": "Prabha",
      "email": "prabha@gmail.com",
      "mobile": "7809078967",
      "salary": "67799"
    },
    {
      "id": 3,
      "firstName": "Mahi",
      "lastName": "R",
      "email": "Mahi@gmail.com",
      "mobile": "6769686756",
      "salary": "90787"
    },
    {
      "id": 4,
      "firstName": "Hari",
      "lastName": "Haran",
      "email": "hari@gmail.com",
      "mobile": "979577852",
      "salary": "67099"
    },
    {
      "id": 5,
      "firstName": "Athirai",
      "lastName": "singaravel",
      "email": "athi@gmail.com",
      "mobile": "28975987",
      "salary": "70000"
    }
  ],
  "comments": [],
  "profile": {
    "name": "typicode"
  }
}